X,Y,Test or train,Raw prediction,Cumulative prediction,Cloglog prediction
1.0,1.0,train,9.964101496418333E-4,97.09287744056653,0.99488474194366
2.0,2.0,train,4.489556919077288E-4,79.77274039422618,0.9071723918609075
3.0,3.0,train,0.001520905207765537,99.80017871114403,0.9996816898562855
4.0,4.0,train,3.9309233325391074E-4,75.36214551682245,0.8752246962644403
5.0,5.0,train,8.733375967051741E-5,19.258428126708395,0.37022430407937457
6.0,6.0,train,0.001190534189256331,98.60280069033999,0.9981697885288137
7.0,7.0,train,2.1052005816209017E-4,50.87196920208035,0.6719553686721371
8.0,8.0,train,3.409276381202605E-5,7.167036174313671,0.16515174205760907
9.0,9.0,train,5.765194076792569E-4,86.44788872335373,0.9527546770033917
10.0,10.0,train,1.7905436411319407E-4,42.92232050733686,0.6124883713782898
11.0,11.0,train,2.5605219760407773E-4,59.61925560405168,0.7422272947535181
12.0,12.0,train,4.0458167389819907E-4,76.53641372483854,0.8825886190004143
13.0,13.0,train,1.972362386791922E-4,47.64535851665429,0.6480527507272792
14.0,14.0,train,1.9898298667322161E-4,48.20813475023511,0.6512926304977096
15.0,15.0,train,4.341987712816838E-4,78.5730691683569,0.8996288198999599
16.0,16.0,train,1.0843216310128391E-4,24.681822928410494,0.4367872161711994
17.0,17.0,train,2.8528564188664847E-4,64.5687471486881,0.779190410518177
18.0,18.0,train,0.0019981235380872606,100.0,0.9999745586063242
19.0,19.0,train,1.2304082696895817E-4,28.729362043423077,0.47870743180110353
20.0,20.0,train,5.859193255522933E-4,86.80989284319404,0.9550484393534473
21.0,21.0,train,1.0381647302060287E-4,23.565646928075296,0.42285390543454116
22.0,22.0,train,6.136493778301699E-4,87.96381155512188,0.9611865135593883
23.0,23.0,train,9.045231759399334E-4,95.5471435484355,0.9916794649903635
24.0,24.0,train,1.0859028963748647E-4,24.7188680347285,0.43725854414898435
25.0,25.0,train,0.0011136099975504834,97.79028016411314,0.9972497020046626
26.0,26.0,train,3.414732783218904E-4,70.65542768139377,0.8360086976826668
27.0,27.0,train,3.527980932672725E-4,71.70938728077405,0.8455525708817365
28.0,28.0,train,3.4356629654758056E-4,70.82034115214795,0.8378159444662372
29.0,29.0,train,4.5446332978216946E-4,80.29166004629296,0.9098401937313311
30.0,30.0,train,1.0810843157548436E-4,24.605980700535646,0.4358210374110598
31.0,31.0,train,1.1336498791424763E-4,26.159083536238867,0.4513062275342117
32.0,32.0,train,5.859561147033598E-4,86.81269866080653,0.9550571942292168
33.0,33.0,train,5.800928990146086E-4,86.58003737613357,0.9536401541493573
34.0,34.0,train,0.0012331955313435398,98.84927569343165,0.9985398201816272
35.0,35.0,train,1.232112696250612E-4,28.79170706494797,0.47917764154832854
36.0,36.0,train,1.7144975977283062E-4,41.226924962133445,0.5965676990665554
37.0,37.0,train,7.166454160872489E-4,91.20288297697167,0.9775014301049613
38.0,38.0,train,9.039752570573734E-4,95.51405728738938,0.9916552922797097
39.0,39.0,train,2.0491078376407614E-4,49.726857883537065,0.662066826516787
40.0,40.0,train,1.4996367033893673E-4,35.59337664530751,0.5479614221612714
41.0,41.0,train,1.392705705546422E-4,32.98312453008924,0.5216309499068278
42.0,42.0,train,3.1944748829617405E-4,69.01249333863859,0.8157249116980384
43.0,43.0,train,1.9153620069090366E-4,45.88940570027175,0.6372694219865397
44.0,44.0,train,1.3025945449083952E-4,30.67225567288806,0.4982549277845505
45.0,45.0,train,3.5341921898074483E-4,71.78298714646265,0.8460596480151183
46.0,46.0,train,2.7188132082106364E-4,62.325543605078316,0.7629501686461422
47.0,47.0,train,1.9934323428706904E-4,48.296570420517384,0.6519571012551535
48.0,48.0,train,7.844392288758266E-4,92.67755816602312,0.9842865803950601
49.0,49.0,train,3.944315665180598E-4,75.53059741124088,0.876106300785064
50.0,50.0,train,1.3124497530651126E-4,30.973766483510826,0.5008661516486611
51.0,51.0,train,8.235065420113371E-4,93.70674026344014,0.9872226779989638
52.0,52.0,train,1.3962321987680642E-4,33.07693490127691,0.5225232860709834
53.0,53.0,train,0.0012855180663578828,99.10212150293553,0.9988931300689476
54.0,54.0,train,8.950457776649875E-5,19.789516989772405,0.3774211745703049
55.0,55.0,train,1.951348463337164E-4,46.84600505224443,0.6441151592082256
56.0,56.0,train,1.3017944645679052E-4,30.651897255883885,0.4980423409106409
57.0,57.0,train,1.6021404549157147E-4,38.37542860401715,0.5718401678467357
58.0,58.0,train,9.229743106320568E-5,20.371736257087363,0.3865594289584865
59.0,59.0,train,1.7735936456410195E-4,42.441452419024614,0.608995100554821
60.0,60.0,train,2.7582643866580817E-4,62.946879283034725,0.7678502082794054
61.0,61.0,train,1.5090611335141297E-4,35.93713917745131,0.5502113846181581
62.0,62.0,train,4.4948148031578026E-4,79.83901989235959,0.9074304464310717
63.0,63.0,train,1.0951287360961198E-4,25.113234593751255,0.44000063791231747
64.0,64.0,train,8.81942127760219E-4,94.56480065187233,0.990622786182758
65.0,65.0,train,7.006031402377907E-4,91.02255916734819,0.9755069813929435
66.0,66.0,train,3.512753229730724E-4,71.52838250401909,0.8443023270580963
67.0,67.0,train,2.28005806405555E-4,54.33097428455269,0.7009619623859568
68.0,68.0,train,0.00115858685144623,98.22820741941773,0.9978324927274898
69.0,69.0,train,5.774019595955114E-4,86.48087735551238,0.9529749253000599
70.0,70.0,train,1.2039698337192832E-4,28.04947882740911,0.4713591095846602
71.0,71.0,train,6.659619539580371E-4,90.00303644408228,0.9705764003597004
72.0,72.0,train,2.8469470425763213E-4,64.50104205762729,0.7784984729789841
73.0,73.0,train,6.184267642834533E-4,88.18528431853831,0.9621559510680939
74.0,74.0,train,6.659485030290057E-4,90.0019601963876,0.9705743048422043
75.0,75.0,train,7.851510194378464E-4,92.75357114947131,0.9843456865342118
76.0,76.0,train,1.4403295784759754E-4,34.15794135001162,0.5335420464926611
77.0,77.0,train,2.4426477719761476E-4,57.493271132638824,0.7256273805586704
78.0,78.0,train,2.5870668262008956E-4,60.003311946153865,0.7458247606084267
79.0,79.0,train,2.5315602394621224E-4,59.26012108116695,0.7382441761544911
80.0,80.0,train,2.1760877869543224E-4,52.45131303547176,0.6840391864122046
81.0,81.0,train,2.834260293649431E-4,64.35641524167845,0.7770056297034406
82.0,82.0,train,2.4279038554480726E-4,57.23858887394433,0.7234771868991197
83.0,83.0,train,3.6042294831505376E-4,72.47967874922237,0.8516634439532944
84.0,84.0,train,1.7135129104172867E-4,41.20690042464572,0.5963573163952278
85.0,85.0,train,2.4599571298938335E-4,57.862575552829675,0.7281303811071541
86.0,86.0,train,1.5880284783890877E-4,37.99572383556679,0.5686291333997242
87.0,87.0,train,6.699902758089282E-5,14.764463239462728,0.2986362538737731
88.0,88.0,train,4.3166825521018297E-4,78.34911954105021,0.8982750076515494
89.0,89.0,train,8.116085346258222E-4,93.49789940794238,0.9863918852755861
90.0,90.0,train,0.0010745352537125633,97.56876137707599,0.9966175786521733
91.0,91.0,train,2.9556689575137003E-4,66.29523222028635,0.7908887732559409
92.0,92.0,train,8.861696480086015E-4,94.83556717069636,0.9908303425071895
93.0,93.0,train,1.547076924202374E-4,37.10292527734685,0.5591740443694452
94.0,94.0,train,2.874011932651542E-4,64.84344560621169,0.7816498678067286
95.0,95.0,train,7.501061320704238E-4,91.91655854971236,0.9811541477849778
96.0,96.0,train,4.661468983130374E-5,10.195527744045558,0.2187054541745096
97.0,97.0,train,2.686866918414802E-4,61.648910517775604,0.7589065904939674
98.0,98.0,train,2.1298679467363356E-4,51.40406342345184,0.6762118480657819
99.0,99.0,train,9.562683233889727E-4,96.62601233611912,0.993673418052995
100.0,100.0,train,9.213438394915944E-4,96.0046322403607,0.9923884336276902
101.0,101.0,train,4.2486617776159834E-4,77.78658849456868,0.8945447334669058
102.0,102.0,train,1.4948099853910702E-4,35.44947165905951,0.5468047501912471
103.0,103.0,train,2.2384275913551674E-4,53.56974213566321,0.694297570323593
104.0,104.0,train,4.817102909858229E-4,82.18869139309975,0.9219520206005218
105.0,105.0,train,7.829484371508039E-4,92.51835180171724,0.9841620628628336
106.0,106.0,train,1.3842218112563665E-4,32.75649231950601,0.5194773658980334
107.0,107.0,train,5.139257060909014E-4,84.8389486347473,0.9341908986593954
108.0,108.0,train,2.380375769440798E-4,56.38114435216372,0.7164305033971989
109.0,109.0,train,3.8227262459393616E-4,74.02584594075327,0.8678682058311462
110.0,110.0,train,2.687618605979825E-4,61.66104539944327,0.7590025226111393
111.0,111.0,train,3.872690460824275E-4,74.50514651537824,0.8713177558970592
112.0,112.0,train,3.8813402164489496E-4,74.589660927829,0.8719057271991406
113.0,113.0,train,2.2936591593665412E-4,54.67455872499943,0.7031076440511224
114.0,114.0,train,8.89721438746989E-4,95.03010653421667,0.9910011673996169
115.0,115.0,train,2.2526186534950593E-4,53.82480401854652,0.696585860095417
116.0,116.0,train,2.310499861210891E-4,55.044540411761524,0.7057430785087478
117.0,117.0,train,7.646091335127931E-4,92.12275281042797,0.9825470931997808
118.0,118.0,train,1.845077976105634E-4,44.11717683258574,0.6235171599893498
119.0,119.0,train,2.2578448643533562E-4,53.90885281407251,0.6974242572031035
120.0,120.0,train,3.102569444026879E-4,68.25423243849175,0.8065364092010702
121.0,121.0,train,6.20848799077783E-4,88.43774298494188,0.9626381476128895
122.0,122.0,train,7.830631398033758E-4,92.5306012608373,0.9841716782760559
123.0,123.0,train,5.111129959571483E-4,84.54121753730776,0.933203536569137
124.0,124.0,train,3.9439293427544827E-4,75.52573815734706,0.8760809570103819
125.0,125.0,train,5.49277978556077E-4,85.79004018888973,0.9454245396301165
126.0,126.0,train,4.903289598755845E-4,82.96734523403835,0.9254334569155741
127.0,127.0,train,2.5835529490476417E-4,59.9587260093846,0.745351444146883
128.0,128.0,train,9.015355337105363E-4,95.36670419795472,0.9915468028545587
129.0,129.0,train,1.999301517284999E-4,48.449972250694316,0.6530369500181492
130.0,130.0,train,9.194700958364117E-6,0.8235797689381131,0.04751570183168308
131.0,131.0,train,2.2178276975361622E-4,53.2073630598569,0.6909451217545018
132.0,132.0,train,2.6054519174348203E-4,60.46803484064918,0.748286912073528
133.0,133.0,train,6.050870007771152E-4,87.75974637184183,0.9593864574446794
134.0,134.0,train,4.791428861375009E-4,81.98293553148909,0.9208838543895068
135.0,135.0,train,2.2481152244949935E-4,53.75236589787562,0.6958615496666696
136.0,136.0,train,8.670546048303151E-5,19.144937346230062,0.3681258344456364
137.0,137.0,train,6.54787934778494E-4,89.67115785041521,0.9687831414874143
138.0,138.0,train,1.4855226651263104E-4,35.22698950992736,0.5445708091411953
139.0,139.0,train,2.6685944800894227E-4,61.33778840216016,0.756562836365275
140.0,140.0,train,3.9981621881132116E-4,76.13510828362082,0.8795885402704124
141.0,141.0,train,1.4183478515674086E-4,33.601568734688875,0.5280815550703434
142.0,142.0,train,0.0010067569577163179,97.25242162904179,0.9951574263671233
143.0,143.0,train,4.919708621927865E-4,83.06481712897198,0.9260788625482209
144.0,144.0,train,1.7841623012383457E-4,42.79620954219598,0.6111769017883848
145.0,145.0,train,1.931590182313633E-4,46.20653686405328,0.6403726750807401
146.0,146.0,train,6.666539870273465E-4,90.05965090956143,0.9706840109491869
147.0,147.0,train,2.459844478309931E-4,57.85825100888979,0.728114165296109
148.0,148.0,train,8.919959891214723E-4,95.08436059246517,0.9911088875780227
149.0,149.0,train,2.3077771695394935E-4,55.006656732653,0.7053185899820409
150.0,150.0,train,2.7051649221831347E-4,61.942855691382945,0.7612310114546517
151.0,151.0,train,4.341320689066091E-4,78.56424989471977,0.8995933667554583
152.0,152.0,train,4.0364189925025807E-4,76.46663227930675,0.8820029630437651
153.0,153.0,train,4.7467415757210816E-4,81.54122927769492,0.9189896596004726
154.0,154.0,train,2.170700318033007E-4,52.269869141192714,0.6831366488510763
155.0,155.0,train,4.482299249516602E-4,79.67557254370732,0.9068150064904018
156.0,156.0,train,2.917981477084354E-4,65.75135487703496,0.7866743096650003
157.0,157.0,train,2.8907325219997503E-4,65.15863178040276,0.7835743409105147
158.0,158.0,train,1.9663638929173216E-4,47.43282721266168,0.6469332165323987
159.0,159.0,train,3.809441737386852E-4,73.92111998096811,0.8669355771351087
160.0,160.0,train,1.6014438295720688E-4,38.345822880538186,0.5716822202480532
161.0,161.0,train,4.6052849156885396E-4,80.79514641534799,0.912689431455389
162.0,162.0,train,8.445140221287895E-4,94.1803281198741,0.9885676499212788
163.0,163.0,train,9.623211883424317E-4,96.79056254173231,0.9938729523292231
164.0,164.0,train,6.846611472126424E-4,90.67099094670097,0.973349882850272
165.0,165.0,train,1.3460958006118065E-4,31.786913657085133,0.5096790000133675
166.0,166.0,train,8.159859100773325E-4,93.55310938266857,0.9867036425404666
167.0,167.0,train,4.479158131967205E-4,79.63351832258994,0.9066599038848391
168.0,168.0,train,1.9105735231671832E-4,45.78244267388516,0.636348632031101
169.0,169.0,train,2.598363805255696E-4,60.33750396664872,0.7473405021335844
170.0,170.0,train,3.3462260080420047E-4,70.11386989576454,0.829951356065814
171.0,171.0,train,1.0041800302459754E-4,22.561074848481688,0.4123751428354475
172.0,172.0,train,4.385290849147485E-4,78.92407222390273,0.9019038497747899
173.0,173.0,train,5.53890375574525E-4,85.9235092760673,0.9467411576118375
174.0,174.0,train,5.183734553300812E-4,85.00369357325394,0.935722516737255
175.0,175.0,train,4.2489587952045663E-4,77.78979638818025,0.8945613157389897
176.0,176.0,train,2.3942076636504533E-4,56.83158168182111,0.7184995946292277
177.0,177.0,train,2.920708381795483E-4,65.78554176462102,0.78698208044982
178.0,178.0,train,2.696352964349232E-4,61.801778134738846,0.7601144270140757
179.0,179.0,train,1.5904863220472204E-4,38.05072349818532,0.5691901171247206
180.0,180.0,train,5.240277618656117E-4,85.26441344763178,0.9376182684372701
181.0,181.0,train,5.913966028193133E-4,87.1417184734467,0.9563332977626665
182.0,182.0,train,4.1315831784872337E-5,8.945331742049303,0.19647588092185664
183.0,183.0,train,2.677690944162925E-4,61.50077801311109,0.7577324484203717
184.0,184.0,train,8.484226311842927E-4,94.24438709802438,0.98880180282009
185.0,185.0,train,1.9011067815001727E-4,45.471186261548844,0.6345213636716898
186.0,186.0,train,4.2395610177608996E-4,77.68537117645474,0.8940353786710514
187.0,187.0,train,2.1230234080279109E-4,51.18879544903797,0.6750363551139369
188.0,188.0,train,2.747832704923009E-4,62.767199745636766,0.7665644768944063
189.0,189.0,train,9.737687217160661E-5,21.64193956700651,0.4028369945870808
190.0,190.0,train,5.002888035149951E-4,83.78228243715623,0.9292636778340652
191.0,191.0,train,6.521533885674397E-5,14.356999417743053,0.2919813401126523
192.0,192.0,train,4.6394442834837634E-4,81.07357408464313,0.9142543185976864
193.0,193.0,train,1.1860134549492584E-4,27.48917450656678,0.4663093195372976
194.0,194.0,train,4.904091467582568E-4,82.97149693432064,0.9254651075846796
195.0,195.0,train,4.5544158312491604E-4,80.38142896649936,0.9103059598004687
196.0,196.0,train,4.663217771040162E-4,81.27045356880703,0.9153268315371056
197.0,197.0,train,3.3606762911314147E-4,70.21831419626557,0.8312473918435528
198.0,198.0,train,2.456683929277146E-4,57.752574712478264,0.7276588206092414
199.0,199.0,train,8.175627784124997E-5,17.925776019630575,0.35134960755848255
200.0,200.0,train,2.051036898936033E-4,49.78351436664803,0.6624117977116157
201.0,201.0,train,3.7776500718605276E-4,73.68924211522594,0.8646768531065117
202.0,202.0,train,4.6432499998682843E-4,81.10852241350636,0.9144269178664555
203.0,203.0,train,3.656422364163597E-4,72.7847216862472,0.8557064132342509
204.0,204.0,train,6.294195602194112E-5,13.75801988933019,0.28340777722036536
205.0,205.0,train,6.097815803985747E-4,87.87770263740362,0.9603834896272874
206.0,206.0,train,2.7977939021319923E-4,63.65105894105164,0.7726583889256187
207.0,207.0,train,4.916961061775828E-4,83.03813446433324,0.9259712508422481
208.0,208.0,train,5.71259712546361E-4,86.2512943337851,0.9514205161084479
209.0,209.0,train,4.7575881519260033E-4,81.67602800270227,0.9194535489959719
210.0,210.0,train,4.2897524149193583E-4,78.15579433796542,0.8968141974490006
211.0,211.0,train,2.3866686053661176E-4,56.56732869682898,0.7173737177072792
212.0,212.0,train,1.0448795875299014E-4,23.75369992056523,0.4249021344742414
213.0,213.0,train,6.191859411442161E-4,88.25151052421988,0.9623077594574027
214.0,214.0,train,1.4419238712218917E-4,34.19491375090269,0.5339356192536864
215.0,215.0,train,3.661959659181911E-4,72.84712823702006,0.8561288249653201
216.0,216.0,train,1.5176455783969428E-4,36.18222306710433,0.5522510637092135
217.0,217.0,train,4.5211553655003227E-4,80.10957619891273,0.9087124703169638
218.0,218.0,train,4.7944115967001884E-4,82.00673524428514,0.9210086975353278
219.0,219.0,train,5.645608042438394E-4,86.14329715957318,0.9496665987491849
220.0,220.0,train,3.65011693833721E-4,72.73528783668776,0.8552238943383801
221.0,221.0,train,4.188927862599315E-4,77.2764862132195,0.8911562711140089
222.0,222.0,train,1.6865949642338372E-4,40.56136589584265,0.5905634942112039
223.0,223.0,train,3.162094550055786E-4,68.67291861076306,0.812538486377973
224.0,224.0,train,9.20857178759299E-5,20.327997258917858,0.38587142398669594
225.0,225.0,train,1.3577566116450583E-4,32.205910151838125,0.5126968458345345
226.0,226.0,train,3.986695833127304E-4,75.99042230676797,0.8788553108317337
227.0,227.0,train,6.511131773198653E-5,14.328926769558624,0.2915912961232634
228.0,228.0,train,3.9308541479657675E-4,75.36127529706644,0.8752201256603955
229.0,229.0,train,4.376147639581387E-4,78.87524055510232,0.901427824520602
230.0,230.0,train,3.904793388810132E-4,74.89458097373829,0.8734864854046994
231.0,231.0,train,4.2934832677338604E-4,78.18039586461636,0.8970178205007757
232.0,232.0,train,4.796361859448943E-4,82.02231668503735,0.9210902197448582
233.0,233.0,train,4.272018000048506E-4,78.0388438478259,0.8958407666960602
234.0,234.0,train,2.0160826676760373E-4,48.912712743635055,0.6561060059955073
235.0,235.0,train,1.9020449005881866E-4,45.49973063719739,0.6347028483060492
236.0,236.0,train,2.2433164506931844E-4,53.66190312817288,0.6950878343765228
237.0,237.0,train,2.2275762690955494E-4,53.37978426473664,0.6925361724765249
238.0,238.0,train,3.1386214489061593E-4,68.44059687008246,0.8101941937906055
239.0,239.0,train,1.2196891243958322E-4,28.42767837136053,0.4757405353448375
240.0,240.0,train,1.8005600698344713E-4,43.20841675146871,0.6145379959222003
241.0,241.0,train,4.45482971447618E-4,79.38973916481159,0.9054498356207465
242.0,242.0,train,4.53391902280801E-4,80.20856259939201,0.9093272899536762
243.0,243.0,train,3.653419276410578E-4,72.75088095532507,0.8554768046591686
244.0,244.0,train,1.5839161366913387E-4,37.90890195978794,0.56768888927993
245.0,245.0,train,2.163909780230629E-4,52.135212498004506,0.6819953881503543
246.0,246.0,train,4.4856168747905946E-4,79.71998990302704,0.9069785448674739
247.0,247.0,train,2.2730927095794312E-4,54.19826842223832,0.699857124779514
248.0,248.0,train,6.040034528527736E-4,87.70885193330774,0.9591527927577271
249.0,249.0,train,5.12317383082632E-4,84.72392493009342,0.9336281203266219
250.0,250.0,train,3.899460722394475E-4,74.7534474797763,0.8731287826223586
251.0,251.0,train,2.1422268552981547E-4,51.671374312884645,0.678323628170515
252.0,252.0,train,1.557508735682029E-4,37.333263682449285,0.5616020844076057
253.0,253.0,train,2.6651844667187786E-4,61.27668746650392,0.7561229274030541
254.0,254.0,train,4.0769145076231166E-4,76.78011427848293,0.8845059486254544
255.0,255.0,train,1.9796824534871874E-4,47.92860451654712,0.6494141297194258
256.0,256.0,train,2.2649200773040324E-4,54.028983105398964,0.698555584296987
257.0,257.0,train,2.874887558342793E-4,64.8607347684944,0.781751072122082
258.0,258.0,train,3.6668691930944245E-4,72.90245978001515,0.8565023136716541
259.0,259.0,train,2.9590443412583054E-4,66.3266161042987,0.7912621439604757
260.0,260.0,train,3.7044185256034274E-4,73.24253423729309,0.8593269659499413
261.0,261.0,train,2.722747425838226E-4,62.45350569226573,0.7634434259644841
262.0,262.0,train,2.9796046486647046E-4,66.5178371027357,0.7935220839352021
263.0,263.0,train,2.8043842885867816E-4,63.79354810594111,0.7734502702231516
264.0,264.0,train,8.360568320354452E-5,18.364220845303603,0.3576700288325242
265.0,265.0,train,5.152303452523187E-4,84.88727134774608,0.9346439057940463
266.0,266.0,train,2.796713528818769E-4,63.627717518056066,0.7725283106593674
267.0,267.0,train,4.24433526504115E-4,77.73852229914291,0.8943028915937005
268.0,268.0,train,4.5383321018166775E-4,80.24278749242761,0.9095389012130298
269.0,269.0,train,4.4688640290138664E-4,79.5069146521591,0.9061497883638653
270.0,270.0,train,2.462670356407285E-4,57.9667326970951,0.7285206487748126
271.0,271.0,train,2.8072224646796714E-4,63.855225308269446,0.7737904467685105
272.0,272.0,train,4.3604604026014764E-4,78.79145882013732,0.9006057080649117
273.0,273.0,train,1.339220391904388E-4,31.59166470736234,0.5078908767321428
274.0,274.0,train,3.587794291536162E-4,72.23470693011917,0.8503670362000786
275.0,275.0,train,2.987641385533228E-4,66.68575242191952,0.7943987969418145
276.0,276.0,train,4.163873196995513E-4,77.13594169894147,0.8897028098292392
277.0,277.0,train,1.0822514617076969E-4,24.6333240212397,0.43616956376261307
278.0,278.0,train,2.568761060218622E-4,59.771038679616126,0.7433493047193085
279.0,279.0,train,1.3471674792019578E-4,31.84666666818156,0.509957131134879
280.0,280.0,train,2.058581435161056E-4,49.95478264056793,0.6637575974829262
281.0,281.0,train,3.544817737171413E-4,71.87056241056787,0.8469232437524781
282.0,282.0,train,2.6598191744020203E-4,61.201364659777425,0.7554291676608527
283.0,283.0,train,1.234671139232801E-4,28.891520970769346,0.47988265758529924
284.0,284.0,train,9.348699086845332E-5,20.63595513705952,0.39041083766692186
285.0,285.0,train,4.659607523739802E-4,81.25873542621937,0.9151648275735961
286.0,286.0,train,1.5233128769520367E-4,36.33666221527562,0.5535925523354985
287.0,287.0,train,2.0537581361981634E-4,49.845289086115315,0.662897833883416
288.0,288.0,train,9.252318690986306E-5,20.418376405916824,0.38729221927321855
289.0,289.0,train,2.723184996771008E-4,62.467737871354835,0.7634982234869089
290.0,290.0,train,1.4631320332068022E-4,34.71998392730036,0.5391396599081086
291.0,291.0,train,1.5032963271202523E-4,35.72126682375137,0.5488364442195378
292.0,292.0,train,2.682622903853529E-4,61.580397192701106,0.7583642425853913
293.0,293.0,train,2.0469151497859426E-4,49.64682010442362,0.6616742832821136
294.0,294.0,train,1.7105212147469894E-4,41.14606149493541,0.5957174545128757
295.0,295.0,train,3.371858123839965E-4,70.30833332461926,0.8322434995345434
296.0,296.0,train,2.1257076235926454E-4,51.26363883216445,0.675497854730386
297.0,297.0,train,2.0880682720710663E-4,50.56538756871354,0.6689662182572238
298.0,298.0,train,3.1146939616923894E-4,68.31691215532298,0.8077743453801243
299.0,299.0,train,1.7375053968427272E-4,41.57399478106038,0.601452321282788
300.0,300.0,train,3.044566064775237E-4,67.25574857436203,0.8005029558436088
301.0,301.0,train,2.5548510212986014E-4,59.51477925544706,0.7414521675078574
302.0,302.0,train,1.9724139884320875E-4,47.64699014410051,0.6480623660284409
303.0,303.0,train,1.74024714135695E-4,41.637223270588905,0.6020304437288346
304.0,304.0,train,3.432306366208969E-4,70.78146437347985,0.8375274607145129
305.0,305.0,train,3.471633876170146E-5,7.330133053104446,0.16790348097223928
306.0,306.0,train,9.408842233028772E-5,20.776263964078268,0.3923488647626939
307.0,307.0,train,2.5511473784333723E-4,59.47427770595926,0.7409446820278207
308.0,308.0,train,1.749492999903612E-4,41.86721826293797,0.60397384410202
309.0,309.0,train,1.849517463952331E-4,44.185375258996594,0.6244010444426378
310.0,310.0,train,3.0180823165187995E-4,67.07689877993371,0.7976859221842992
311.0,311.0,train,2.389823259590656E-4,56.692538278739775,0.717845378106801
312.0,312.0,train,2.1342486300330349E-4,51.535713379819974,0.6769619616072147
313.0,313.0,train,1.5205615061854476E-4,36.2587484733919,0.5529417866352471
314.0,314.0,train,1.4317421825324236E-4,33.94401620075048,0.5314164080572485
315.0,315.0,train,4.450431061965746E-4,79.35301387621995,0.9052293828844132
316.0,316.0,train,2.820393177671618E-4,64.14509502088629,0.7753623819081366
317.0,317.0,train,2.154326735788636E-4,51.936911389600034,0.6803778039901174
318.0,318.0,train,1.9741187772608377E-4,47.700895024528336,0.6483798838161012
319.0,319.0,train,2.7047299749371475E-4,61.93589227917767,0.7611760203739888
320.0,320.0,train,2.4743972401660894E-4,58.301972875417995,0.7302009983137288
321.0,321.0,train,3.7545081130027576E-5,8.009971906433718,0.18027282633686048
322.0,322.0,train,1.2486281444743755E-4,29.306636195700072,0.48371194248854754
323.0,323.0,train,2.53595304404804E-4,59.308149953830444,0.7388522566032445
324.0,324.0,train,2.3762327427481348E-4,56.271195972538074,0.7158077997713425
325.0,325.0,train,2.1523211182198352E-4,51.88614499556376,0.6800382229735625
326.0,326.0,train,3.6044176377357257E-4,72.48304173457765,0.8516782203692806
327.0,327.0,train,9.252625955792493E-5,20.4190112012722,0.38730218686917084
328.0,328.0,train,1.140465513841947E-4,26.324145295509997,0.45328265429573966
329.0,329.0,train,3.031189866537859E-4,67.16541656086368,0.7990850882877623
330.0,330.0,train,2.235029427543069E-4,53.50568370300485,0.6937470647920959
331.0,331.0,train,1.2015473571244655E-4,27.97663628702702,0.47068064587032765
332.0,332.0,train,1.485059624336416E-4,35.21651738524974,0.5444591431068575
333.0,333.0,train,2.945274248301065E-4,66.13955199868572,0.7897347539927647
334.0,334.0,train,2.34316921932844E-4,55.7220842839656,0.7107890462601942
335.0,335.0,train,2.3627598934953137E-4,56.07607251421361,0.713773339407995
336.0,336.0,train,2.2923796951100688E-4,54.62184322819842,0.7029064560739564
337.0,337.0,train,2.877912303377163E-4,64.92045812778542,0.7821003096678734
338.0,338.0,train,2.0659339901876264E-4,50.098143268259754,0.6650639893322619
339.0,339.0,train,1.7601503455181062E-4,42.141226911025285,0.6062021559587865
340.0,340.0,train,1.2864808259092878E-4,30.30803266745533,0.4939559960836556
341.0,341.0,train,1.1337258468222269E-4,26.161003180883796,0.4513282962927063
342.0,342.0,train,1.2577299240229916E-4,29.50751568603283,0.48619393306961645
343.0,343.0,train,1.9020869621595414E-4,45.501010454769016,0.6347109832522688
344.0,344.0,train,1.2279529430386118E-4,28.64769169944038,0.4780293206721429
345.0,345.0,train,1.821605637247826E-4,43.67668902013614,0.6188092224852613
346.0,346.0,train,2.275598980908969E-4,54.250182532871115,0.7002551364025422
347.0,347.0,train,1.5915837512111723E-4,38.075903956533935,0.5694403611590948
348.0,348.0,train,1.2006140530710445E-4,27.94811952509439,0.47041902283833237
349.0,349.0,train,1.0806216953960693E-4,24.595142658555318,0.43568283279142983
350.0,350.0,train,1.6632365778688612E-4,40.007742623588435,0.5854684798937468
351.0,351.0,train,1.14102665708846E-4,26.337004955186114,0.45344505945567704
352.0,352.0,train,1.802260814273581E-4,43.262591535526965,0.6148849347115282
353.0,353.0,train,9.701576136447013E-5,21.53956262522061,0.40169417846966804
354.0,354.0,train,2.310278918475897E-4,55.04146777569468,0.705708654649489
355.0,355.0,train,2.021706802799493E-4,49.06379125315876,0.6571285020421004
356.0,356.0,train,2.4564505124108983E-4,57.74826216159443,0.7276251616931171
357.0,357.0,train,2.239753814522924E-4,53.5947430683919,0.6945121510827634
358.0,358.0,train,1.2437154212042705E-4,29.17946412385353,0.482367299293164
359.0,359.0,train,2.2294002379529915E-4,53.410594914501786,0.6928329489755622
360.0,360.0,train,8.825272146882432E-5,19.4610878930458,0.3732810194527889
361.0,361.0,train,1.725498793694547E-4,41.38715382892115,0.5989107089712015
362.0,362.0,train,2.8466436500754785E-4,64.49758343385909,0.7784628898454442
363.0,363.0,train,9.487629521427623E-5,20.937090430114885,0.39487835328261023
364.0,364.0,train,1.859096445832972E-4,44.39804826624654,0.6263011190174876
365.0,365.0,train,1.6964174892552093E-4,40.8458464249495,0.5926872699188471
366.0,366.0,train,1.3892591648230482E-4,32.89105629864995,0.520757233406605
367.0,367.0,train,2.006141306994887E-4,48.636623518693646,0.654291152310633
368.0,368.0,train,9.479861426348305E-4,96.45571956938859,0.9933898231973516
369.0,369.0,train,2.031339451741048E-4,49.29328750770125,0.6588727084263538
370.0,370.0,train,2.458236845931119E-4,57.79653614771785,0.7278826466840085
371.0,371.0,train,5.5750151854645015E-5,12.178365712906873,0.2555957726220557
372.0,372.0,train,8.860916857108143E-4,94.83044441003507,0.990826556729362
373.0,373.0,train,1.4943024337813103E-4,35.43722474315039,0.5466829489664025
374.0,374.0,train,1.9450040268374687E-4,46.63369321024827,0.6429177022639092
375.0,375.0,train,2.1424842033008603E-4,51.67575023221623,0.6783674548047924
376.0,376.0,train,2.0765930968039844E-4,50.29905029509473,0.6669488771088052
377.0,377.0,train,2.5876162947820994E-4,60.02295911020753,0.7458986940082898
378.0,378.0,train,8.619683433748948E-4,94.39005582567647,0.9895767950551184
379.0,379.0,train,1.3479241998685224E-4,31.888858738454932,0.5101534266669858
380.0,380.0,train,1.949970571423068E-4,46.791937834871874,0.6438554359702611
381.0,381.0,train,1.6246856042461855E-4,39.14306702779001,0.5769205614177741
382.0,382.0,train,1.3654063448453462E-4,32.375944859531245,0.5146665185355408
383.0,383.0,train,6.879356346158512E-5,15.247242559609596,0.30526851580366976
384.0,384.0,train,1.779203270778767E-4,42.62050866166498,0.610154675992157
385.0,385.0,train,1.9751463430505784E-4,47.733386327904775,0.6485711300800063
386.0,386.0,train,2.010878736703556E-4,48.76831420247995,0.6551571893589823
387.0,387.0,train,1.8063099685317554E-4,43.34638765662531,0.6157096748428375
388.0,388.0,train,1.3474696867562955E-4,31.86351669347246,0.5100355340821343
389.0,389.0,train,1.7924910416611562E-4,42.960805929575805,0.6128877123716295
390.0,390.0,train,2.4348655747734486E-4,57.349614098366644,0.7244945478884042
391.0,391.0,train,1.5235805562185275E-4,36.34424239804496,0.5536558143668924
392.0,392.0,train,1.486593214940773E-4,35.251205916592504,0.5448288761048878
393.0,393.0,train,8.730462648270733E-5,19.25200334926375,0.3701271557934156
394.0,394.0,train,2.249975067302257E-4,53.78228942405376,0.6961608874261367
395.0,395.0,train,9.815531480072322E-5,21.86602871960329,0.4052931315765098
396.0,396.0,train,1.155776329096356E-4,26.780452491858785,0.4576966288645732
397.0,397.0,train,1.9700319927956568E-4,47.571672199850774,0.647618237879618
398.0,398.0,train,3.834906782650446E-5,8.188962216518124,0.1837547714988086
399.0,399.0,train,2.3264514519107002E-4,55.272531065617684,0.7082177968338115
400.0,400.0,train,1.1551302239825189E-4,26.765928622645838,0.45751108461045853
401.0,401.0,train,1.889088233479429E-4,45.09232525914437,0.6321883126369733
402.0,402.0,train,1.2847414481055984E-4,30.272029035004373,0.49348975564330977
403.0,403.0,train,1.7786327864968162E-4,42.59652182242387,0.6100369074374541
404.0,404.0,train,1.1855066286540748E-4,27.474116991017585,0.46616608928019954
405.0,405.0,train,1.596744591959258E-4,38.194319194409545,0.5706152270988357
406.0,406.0,train,2.6943291296215667E-4,61.76937685803017,0.7598572455785615
407.0,407.0,train,1.9100547260361998E-4,45.7708540136323,0.6362487309515682
408.0,408.0,train,1.8639129632744457E-4,44.526918660249116,0.6272528825122703
409.0,409.0,train,8.30187559091974E-5,18.19420331744811,0.35567087968071187
410.0,410.0,train,4.306143298311484E-5,9.33260743096774,0.20386795534833413
411.0,411.0,train,2.362816506306481E-5,4.429018554400885,0.11759145178841801
412.0,412.0,train,1.0583623157862771E-4,24.082119339497925,0.4289928389089829
413.0,413.0,train,7.293694232464852E-5,16.141114217185567,0.320343069486104
414.0,414.0,train,1.478814941066382E-4,35.07528770699407,0.5429505099862647
415.0,415.0,train,1.259715606877232E-4,29.556321391184113,0.4867338271727022
416.0,416.0,train,1.371788946359591E-4,32.508413294099384,0.5163038331173282
417.0,417.0,train,9.974167750896341E-5,22.35426315707077,0.41026718716900146
418.0,418.0,train,1.1217021703661685E-4,25.817131616440985,0.44782432390732907
419.0,419.0,train,7.894149439388625E-5,17.321359300616116,0.3416104010754344
420.0,420.0,train,1.782066300223685E-4,42.740888888098176,0.6107451717306733
421.0,421.0,train,7.95687787856613E-5,17.507413408774468,0.3437934034115464
422.0,422.0,train,9.637783749164961E-5,21.326580224920917,0.3996699783342209
423.0,423.0,train,8.265485701453147E-5,18.110473026397827,0.35442827015600076
424.0,424.0,train,8.222871450631146E-5,18.012420966429584,0.3529700700351591
425.0,425.0,train,1.8064522210665672E-4,43.34933153326562,0.6157386169970294
426.0,426.0,train,1.6214544864627954E-4,39.03837753076214,0.5761961688527418
427.0,427.0,train,1.3473410104115522E-4,31.856342155205155,0.5100021525829852
428.0,428.0,train,1.2287582760317075E-4,28.674479101654562,0.478251834373137
429.0,429.0,train,2.0837937473807628E-4,50.46225269802713,0.6682161869008738
430.0,430.0,train,8.761090631720355E-5,19.319547614767735,0.371147735553252
431.0,431.0,train,1.3069398138724296E-4,30.79113752621271,0.4994079244341363
432.0,432.0,train,7.919528413967976E-5,17.39663396938275,0.3424944840500681
433.0,433.0,train,8.672266162072475E-5,19.14801101529897,0.36818337787474453
434.0,434.0,train,1.0437642725241977E-4,23.72246495692038,0.4245624346851896
435.0,435.0,train,1.1771662014296603E-4,27.2370950123999,0.46380353690935594
436.0,436.0,train,7.17748447080339E-5,15.95009277150578,0.31614840871878036
437.0,437.0,train,1.041424643831344E-4,23.65694246615319,0.4238491844808333
438.0,438.0,train,1.5515687582310085E-4,37.21015610958947,0.5602211784159192
439.0,439.0,train,2.7181540536672198E-5,5.448429373835509,0.13403742816660302
440.0,440.0,train,1.0702200009096317E-4,24.363962507513307,0.4325664447899754
441.0,441.0,train,1.0331563781156326E-4,23.43533274579957,0.4213214625722592
442.0,442.0,train,9.89170597924628E-5,22.098170616288282,0.40768680460209117
443.0,443.0,train,1.2413565514516974E-4,29.111911912081055,0.48172041793665366
444.0,444.0,train,9.41977514183987E-5,20.798581029728354,0.39270049976043686
445.0,445.0,train,6.688582701602651E-5,14.73838370676388,0.2982157695567218
446.0,446.0,train,2.901777347063619E-5,5.853713734615744,0.14241552242634237
447.0,447.0,train,6.874837912087686E-5,15.235034547953495,0.3051022952890099
448.0,448.0,train,1.5010667867184732E-4,35.64335271541697,0.5483035592702392
449.0,449.0,train,8.179717815478279E-5,17.93304291240419,0.3514900563618082
450.0,450.0,train,1.0964264502813372E-4,25.15320181526787,0.44038526966877767
451.0,451.0,train,9.297318475490799E-5,20.512830140216053,0.3887502756458854
452.0,452.0,train,7.999099505658543E-5,17.59262196248254,0.34525867446935865
453.0,453.0,train,6.681322177040125E-5,14.723221042171824,0.2979459441605903
454.0,454.0,train,6.567810966393183E-5,14.481889454170782,0.2937139726477168
455.0,455.0,train,6.56338936986952E-5,14.469956693021377,0.29354860966269947
456.0,456.0,train,1.0836962571181097E-4,24.667171976726408,0.4366007019737804
457.0,457.0,train,4.1964136967696496E-5,9.092779336725178,0.19922922834254841
458.0,458.0,train,7.726587417494674E-5,17.007041441119757,0.33574342698721293
459.0,459.0,train,6.340039483459652E-5,13.889315548119384,0.2851449949569752
460.0,460.0,train,9.021147572478402E-5,19.99903677169313,0.37974694236986795
461.0,461.0,train,6.17061065889686E-5,13.405703126817512,0.27870356377769523
462.0,462.0,train,7.964631769349616E-5,17.523063377276554,0.3440627421807706
463.0,463.0,train,7.505824459446744E-5,16.536427323185638,0.32793379844692916
464.0,464.0,train,3.7260512497914176E-5,7.951259263682168,0.179036846719401
465.0,465.0,train,5.564017575603548E-5,12.155510073411866,0.2551622005224473
466.0,466.0,train,2.94344614777509E-5,5.941296741312334,0.14430541309200073
467.0,467.0,train,4.5325747631004865E-5,9.909810549509247,0.21335539347584276
468.0,468.0,train,4.746042443233321E-5,10.361995812002561,0.2221960909638021
469.0,469.0,train,4.977014157002392E-5,10.915093160587924,0.23164983632780556
470.0,470.0,train,2.2251692172926944E-5,4.032776556227886,0.1111371600091201
471.0,471.0,train,3.335287997747009E-5,7.001451539094398,0.16187494349821885
472.0,472.0,train,4.2692002799824226E-5,9.245859071358813,0.2023092284723711
473.0,473.0,train,7.79832269416939E-5,17.12938132721617,0.3382615208020524
474.0,474.0,train,3.186730277504228E-5,6.602806420218229,0.15525672850335148
475.0,475.0,train,4.576909096410537E-5,10.022274425634054,0.21519971606258315
476.0,476.0,train,1.3702450605918528E-5,1.793633092291453,0.06997897988765156
477.0,477.0,train,2.6163481126549547E-5,5.165538461951437,0.12935715750840093
478.0,478.0,train,2.3284424797087127E-5,4.331779488021485,0.11598405493457264
479.0,479.0,train,1.785890839185266E-5,2.8816228595439517,0.09022193874486817
480.0,480.0,train,2.800862656294593E-6,0.0928119086209733,0.014719850590637629
481.0,481.0,train,1.5058345196707565E-5,2.108713166713882,0.07663153536387934
482.0,482.0,train,4.093585061786563E-5,8.845076164002636,0.19485770525043056
483.0,483.0,train,4.036847526512113E-5,8.703887893485783,0.19243543095472404
484.0,484.0,train,3.883633690475714E-5,8.313273405939205,0.18585785812151534
485.0,485.0,train,9.853904506956505E-6,0.9665437957419949,0.050834244781193805
486.0,486.0,train,2.0556674578862765E-5,3.56911754561796,0.10312431187639604
487.0,487.0,train,1.6502889338658064E-5,2.539910039387532,0.08366669366251056
488.0,488.0,train,1.510641493742632E-5,2.121708521579307,0.07686650908594461
489.0,489.0,train,1.5876750249290524E-5,2.3484270819950344,0.08062390282884957
490.0,490.0,train,2.6224545964931943E-5,5.181851406915282,0.12963859942840628
491.0,491.0,train,2.4114156429564804E-5,4.567122607486629,0.11985905666519603
492.0,492.0,train,1.9816199655962127E-5,3.3911636272141523,0.0996012364038178
493.0,493.0,train,6.331720029822035E-6,0.38421159266119503,0.032967821128879415
494.0,494.0,train,1.931836428713986E-5,3.271047979635932,0.09722482917690156
495.0,495.0,train,1.694727930371456E-5,2.6425487138261072,0.0858201429382236
496.0,496.0,train,8.979619618818603E-6,0.7815172513123998,0.04643043732062846
497.0,497.0,train,9.621900271796432E-6,0.914424677042608,0.04966761656075813
498.0,498.0,train,8.32917979351127E-6,0.6739558039360881,0.043140896587151034
499.0,499.0,train,6.496731334576411E-4,89.54067849652458,0.9679262231600655
500.0,500.0,train,0.0011441205303009863,98.02646118810192,0.9976599548728466
501.0,501.0,train,5.545572723758973E-4,85.94381587099811,0.9469288780669629
502.0,502.0,train,3.2136637913671097E-4,69.14347895635005,0.8175876007935885
503.0,503.0,train,0.0011013565106288705,97.72081238023267,0.9970653571156034
504.0,504.0,train,0.001362733750459401,99.50527678152402,0.999264558967803
505.0,505.0,train,4.250343089562218E-4,77.80474725034172,0.8946385654792149
506.0,506.0,train,3.2201835563732615E-4,69.18798359562517,0.818216186763639
507.0,507.0,train,8.10797985093521E-4,93.4877776097607,0.9863333608067125
508.0,508.0,train,5.93216990841348E-4,87.22631914473149,0.956752140413431
509.0,509.0,train,5.499342243045018E-4,85.80304691793329,0.9456138338663511
510.0,510.0,train,6.621568173499455E-4,89.8760825232839,0.9699776085056327
511.0,511.0,train,9.55248571939009E-4,96.56844417580358,0.9936391677718249
512.0,512.0,train,5.356855476543621E-4,85.51964931672326,0.9413522080958053
513.0,513.0,train,6.141909601473097E-4,87.97586882234154,0.9612976489471573
514.0,514.0,train,0.0011824383585524803,98.515893034333,0.9980896333838993
515.0,515.0,train,4.4390556773955055E-4,79.2580451627323,0.9046568821921287
516.0,516.0,train,8.289477783497815E-4,93.8265642374192,0.9875855257508305
517.0,517.0,train,0.001428273368830635,99.62747177329695,0.9994801872636657
518.0,518.0,train,3.0049330567046126E-4,66.9477898872817,0.7962725133808348
519.0,519.0,train,3.9822725028900347E-4,75.92737865284943,0.8785712638796361
520.0,520.0,train,3.549729785519764E-4,71.91104728317438,0.8473208333506923
521.0,521.0,train,7.315843397669881E-4,91.52880109494606,0.9792123905975076
522.0,522.0,train,4.751855893445199E-4,81.60478882823593,0.9192087221044725
523.0,523.0,train,0.0011435398192001824,98.01836377819437,0.9976527491108348
524.0,524.0,train,3.636893915700096E-4,72.67285081293564,0.8542067642451066
525.0,525.0,train,5.283984015469954E-4,85.360107952664,0.9390452388445398
526.0,526.0,train,6.692105582438315E-4,90.26880119341294,0.9710781543240367
527.0,527.0,train,8.851210018408591E-4,94.76830378824526,0.9907792901251656
528.0,528.0,train,8.364500840491606E-4,94.04816662049856,0.9880689784952833
529.0,529.0,train,4.199602569515555E-4,77.35015138408569,0.8917696946407422
530.0,530.0,train,6.62467192375659E-4,89.88638645914074,0.9700269035211823
531.0,531.0,train,3.435803098935305E-4,70.82196420484381,0.8378279771258572
532.0,532.0,train,3.9607908586962323E-4,75.67910054373448,0.8771823068572698
533.0,533.0,train,0.0012427752918803003,98.89557281620073,0.9986120341980869
534.0,534.0,train,2.47203183043453E-4,58.234583512437595,0.7298628973269152
535.0,535.0,train,2.87510601371994E-4,64.8650481532029,0.7817763137572529
536.0,536.0,train,5.162913959679259E-4,84.92657175411416,0.9350100318721368
537.0,537.0,train,1.7545468405288375E-4,42.00554074698313,0.6050321037778532
538.0,538.0,train,9.219532845256088E-4,96.0155668498224,0.9924129544955838
539.0,539.0,train,2.2758573271345963E-4,54.25486586258468,0.7002961333868818
540.0,540.0,train,4.941673663556848E-4,83.27812850602322,0.9269335465115656
541.0,541.0,train,4.942358134755594E-4,83.28477568185937,0.926960020675788
542.0,542.0,train,6.265533519916262E-4,88.77626513143665,0.963749714947532
543.0,543.0,train,4.447247525747964E-4,79.32643385289174,0.9050695090810333
544.0,544.0,train,1.8153812354039547E-4,43.536673152018935,0.617550924323262
545.0,545.0,train,1.8865482527540155E-4,45.00800097724268,0.6316933462109013
546.0,546.0,train,1.5651708406296073E-4,37.480085708369565,0.5633769428070214
547.0,547.0,train,2.269124575543587E-4,54.116073750450504,0.6992258791150204
548.0,548.0,train,1.1039847357609403E-4,25.364303625419147,0.4426202386005277
549.0,549.0,train,4.657880396115796E-4,81.24287501569638,0.9150872159619405
550.0,550.0,train,6.194942865810139E-4,88.27841750929132,0.9623692435500034
551.0,551.0,train,0.001137309967846243,97.97088848554463,0.9975740360055841
552.0,552.0,train,1.902584257649414E-4,45.516159595605174,0.6348071492861673
553.0,553.0,train,6.216662571810414E-4,88.52978118504562,0.9627995025130704
554.0,554.0,train,5.002658551181533E-4,83.78044107099451,0.9292550827732554
555.0,555.0,train,1.9763215453805238E-4,47.77117820265979,0.6487897263350015
556.0,556.0,train,2.9955463325122473E-4,66.81867481660022,0.7952575016539081
557.0,557.0,train,0.0011684333781331064,98.36551550447571,0.9979425959577528
558.0,558.0,train,3.7264576833287313E-4,73.38131858507444,0.8609588985817004
559.0,559.0,train,4.869015940986732E-4,82.7835024468564,0.9240679981589285
560.0,560.0,train,1.9035108011436513E-4,45.548227779292404,0.6349862549422461
561.0,561.0,train,3.741894987177363E-4,73.47394831816416,0.8620906962285737
562.0,562.0,train,0.001359609373138925,99.36899415510237,0.9992522920316764
563.0,563.0,train,4.903572905856486E-4,82.96881206518393,0.9254446409022425
564.0,564.0,train,8.855078823295943E-4,94.79307085698152,0.9907981580531489
565.0,565.0,train,1.5291787407361305E-4,36.50277265097145,0.5549768099719232
566.0,566.0,train,1.7467066810405432E-4,41.79095734078742,0.6033891848740813
567.0,567.0,train,2.7745459161956313E-4,63.27433561781891,0.769842810961134
568.0,568.0,train,1.8918266991935063E-4,45.18323900212734,0.6327212127030484
569.0,569.0,train,9.586401682718255E-4,96.75994306871924,0.9937523693234079
570.0,570.0,train,6.785078777827173E-4,90.4962048607402,0.9724673591514558
571.0,571.0,train,1.8119125767747594E-4,43.46233207584559,0.6168479138916148
572.0,572.0,train,2.170933275868698E-4,52.27771489910389,0.6831757284676347
573.0,573.0,train,3.41674967726328E-4,70.66938079336734,0.8361837225595248
574.0,574.0,train,1.691037875033512E-4,40.70796605552022,0.591525485635594
575.0,575.0,train,3.525888750259977E-4,71.68432914999215,0.8453813926513417
576.0,576.0,train,3.5098215726116303E-4,71.49981931999966,0.8440604692384234
577.0,577.0,train,4.0530838246636143E-4,76.59336629358937,0.8830395011018671
578.0,578.0,train,1.9792437245737095E-4,47.908054274334994,0.6493326838901932
579.0,579.0,train,4.617113981312491E-4,80.88939834484074,0.9132345434395706
580.0,580.0,train,0.0012320547127366791,98.84268463801952,0.99853097385578
581.0,581.0,train,3.0075127986117013E-4,66.98327442393663,0.796550585259718
582.0,582.0,train,2.888879816893002E-4,65.12574962152406,0.7833619402750011
583.0,583.0,train,7.743385568044172E-5,17.035689603085796,0.33633394338199074
584.0,584.0,train,1.7632337419167953E-4,42.21588437537915,0.6068445122617787
585.0,585.0,train,4.967367941435105E-4,83.49549593859696,0.9279208063764377
586.0,586.0,train,2.1630787998087902E-4,52.11976910998488,0.6818554463381112
587.0,587.0,train,2.0021032274732242E-4,48.52436902140825,0.6535512447883342
588.0,588.0,train,3.905074851581273E-4,74.90203012229081,0.8735053372237949
589.0,589.0,train,3.8623443433247114E-4,74.34400902247155,0.8706109278005414
590.0,590.0,train,1.49823677506207E-4,35.54445437986374,0.5476262484077351
591.0,591.0,train,3.7072313334213084E-4,73.26595312503834,0.8595363074400448
592.0,592.0,train,2.283299128931027E-4,54.3896954893818,0.701474669485564
593.0,593.0,train,2.1479274447500375E-4,51.77493188988287,0.6792930469781714
594.0,594.0,train,3.996115327333391E-4,76.10985226672524,0.8794579775423037
595.0,595.0,train,1.2147693273268995E-4,28.3304995718083,0.47437316246951045
596.0,596.0,train,2.8252753886022416E-4,64.25393858991535,0.7759422985652676
597.0,597.0,train,1.9553989527414223E-4,47.0047560032019,0.644877552618061
598.0,598.0,train,4.2090039274494484E-4,77.41503172216615,0.8923070811933947
599.0,599.0,train,7.898009751874549E-4,92.91946457192613,0.9847263800967468
600.0,600.0,train,3.157585652755057E-4,68.60430190055108,0.8120904340958742
601.0,601.0,train,6.547362926534816E-4,89.6698404520096,0.9687746049761564
602.0,602.0,train,1.9263944591237957E-4,46.112485357241646,0.6393820167033415
603.0,603.0,train,1.2095604957690645E-4,28.21524423946645,0.4729215704186226
604.0,604.0,train,1.9422306417788101E-4,46.54814159920481,0.6423929852719168
605.0,605.0,train,1.0285756110511892E-4,23.32329861904181,0.4199162886536202
606.0,606.0,train,9.368953517937466E-4,96.28357262240587,0.992990047180145
607.0,607.0,train,5.22115560690343E-4,85.17624191906883,0.9369834945555499
608.0,608.0,train,4.780872858296259E-4,81.89870752794226,0.9204404432962571
609.0,609.0,train,4.0078166981246164E-4,76.25423434747947,0.8802024666593424
610.0,610.0,train,5.930153496796208E-4,87.21694807799501,0.9567059445170908
611.0,611.0,train,4.8514976579290287E-4,82.50115838206196,0.9233604438926152
612.0,612.0,train,6.166552949461885E-4,88.0307515624024,0.9617993380310129
613.0,613.0,train,9.309722003289271E-5,20.542553109265544,0.3891515570631109
614.0,614.0,train,2.873168476500105E-4,64.82679162903142,0.7815523372536297
615.0,615.0,train,6.313841693371831E-4,89.02810953158222,0.9646651291884795
616.0,616.0,train,5.989721215929506E-4,87.47883407661364,0.9580500598043695
617.0,617.0,train,8.159174053509789E-4,93.55170997347808,0.9866988190689019
618.0,618.0,train,9.111247512655528E-4,95.69645895792938,0.991965262800413
619.0,619.0,train,9.168494280939489E-4,95.82963548577983,0.9922051380248852
620.0,620.0,train,4.8361549772469887E-4,82.35619384663521,0.9227353473427272
621.0,621.0,train,4.1618117564526326E-4,77.12437801797307,0.8895823617083732
622.0,622.0,train,1.3905653328357545E-4,32.925948263824445,0.5210885416125097
623.0,623.0,train,0.0010531853619216603,97.46912592791266,0.9962127901659971
624.0,624.0,train,1.7608762751888758E-4,42.15880365482052,0.606353481476198
625.0,625.0,train,4.954900432972383E-4,83.39045207671981,0.9274434403543421
626.0,626.0,train,7.566421237425599E-4,92.0420395122679,0.9817951540831535
627.0,627.0,train,7.067819607858981E-5,15.71039794442932,0.31216625037879553
628.0,628.0,train,7.855723271326719E-4,92.76860186786192,0.9843805665662624
629.0,629.0,train,4.84913025351085E-4,82.47879008223478,0.9232643213202462
630.0,630.0,train,1.5124280947037604E-4,36.045301380536486,0.5510124856149767
631.0,631.0,train,5.040674215728987E-4,84.03930570882027,0.9306647683850332
632.0,632.0,train,1.4271185855200454E-4,33.80611976862216,0.5302679200231323
633.0,633.0,train,5.093243717546865E-4,84.40464700508802,0.9325679740067289
634.0,634.0,train,5.01771597281044E-4,83.8831936239824,0.929816833451139
635.0,635.0,train,4.424752213660559E-4,79.16112390090944,0.9039321061830015
636.0,636.0,train,3.3085941020408806E-4,69.76018140238405,0.8265292707701016
637.0,637.0,train,4.921355781663334E-4,83.08081336140947,0.926143300650534
638.0,638.0,train,2.3951905419332154E-4,56.85613438471414,0.718646046023469
639.0,639.0,train,1.4971617571892545E-4,35.50688652106327,0.5473686967052294
640.0,640.0,train,4.8394955174728595E-4,82.3877567704784,0.922871881496205
641.0,641.0,train,1.7226728826792297E-4,41.34865479178632,0.598310154748046
642.0,642.0,train,1.96941698017371E-4,47.55222569639618,0.6475034764620398
643.0,643.0,train,6.298974511077082E-5,13.771706557490958,0.28358906713384113
644.0,644.0,train,3.928510988004038E-4,75.33180248265502,0.8750652284330587
645.0,645.0,train,5.970383074612029E-5,13.001836663678251,0.2710163408801636
646.0,646.0,train,3.4845969065153804E-4,71.25406196601548,0.8419638832315833
647.0,647.0,train,1.2431690274253358E-4,29.163816753656217,0.48221753164388437
648.0,648.0,train,5.257653020511218E-5,11.568445152390664,0.24298198470383625
649.0,649.0,train,1.4888526455108017E-4,35.30572462101891,0.5453730550149298
650.0,650.0,train,6.704937690529102E-5,14.77794954834741,0.29882319584525285
651.0,651.0,train,2.913593106528777E-4,65.61585612025428,0.786178084458997
652.0,652.0,train,9.729224490801088E-5,21.61794726251875,0.4025693686289036
653.0,653.0,train,1.0026886577298733E-4,22.505755619616536,0.4119109638123275
654.0,654.0,train,2.507024757746527E-4,58.875996155622296,0.7348216831673395
655.0,655.0,train,1.4668787202929117E-4,34.80634587525237,0.5400529606685014
656.0,656.0,train,2.3452346238417868E-4,55.765979673661036,0.7111051358301237
657.0,657.0,train,3.9339615753448776E-5,8.463125513145716,0.1880243555054405
658.0,658.0,train,1.6788186531996703E-4,40.38780466299694,0.5888742895461465
659.0,659.0,train,9.166234851757311E-4,95.82083805405621,0.992195807744458
660.0,660.0,train,6.399994559264717E-5,14.05192033117315,0.28741059134791813
661.0,661.0,train,6.47474342995811E-5,14.232984307683726,0.29022516515750774
662.0,662.0,train,9.939964690692355E-5,22.255935818562463,0.4091982768000322
663.0,663.0,train,9.811200330899706E-5,21.85336810431356,0.405156741229337
664.0,664.0,train,2.938853925252799E-4,66.01303033502514,0.789018791174916
665.0,665.0,train,2.228047855315632E-4,53.3877503425574,0.6926129313622409
666.0,666.0,train,6.738144297525435E-5,14.866895043508961,0.30005487635011974
667.0,667.0,train,1.1725986949509484E-4,27.144021143041197,0.46250529361281745
668.0,668.0,train,4.5034372816272526E-5,9.831453037564302,0.21214090511432682
669.0,669.0,train,3.679469747641388E-5,7.856046115432019,0.17700962825973765
670.0,670.0,train,3.9171160558569486E-5,8.412967701053732,0.18729983807186323
671.0,671.0,train,3.103117161237958E-5,6.37167623479929,0.15150882377074026
672.0,672.0,train,3.092511815641082E-5,6.342199515922503,0.15103225911138252
673.0,673.0,train,3.2977307565222436E-5,6.902132720924882,0.1602066897260883
674.0,674.0,train,3.288966422281805E-5,6.878899081165277,0.1598169094561298
675.0,675.0,train,2.8555813711212963E-5,5.756615128434881,0.14031542220229976
676.0,676.0,train,2.8361794357356526E-5,5.7150516687707515,0.13943186430210242
677.0,677.0,train,1.9667160403288718E-5,3.355204056097718,0.09889045728989365
678.0,678.0,train,7.007674148842408E-5,15.550448756663252,0.30997240639297474
679.0,679.0,train,1.5291685429537198E-5,2.1717952446419377,0.07777158606432089
680.0,680.0,train,2.3001567415499334E-5,4.251762996332062,0.11465916256791475
681.0,681.0,train,1.97681341488376E-5,3.3795665815319698,0.09937206975007118
682.0,682.0,train,1.847327633052672E-5,3.055122740694934,0.09317644968804728
